"","SV","Temperature","NPP"
"1",120,14.39,2872.13727272727
"2",63.2,14.97,1757.06
"3",89.8,8.991,2684.95
"4",142,19.335,1660.42
"5",29.8,12.251,2136.96
"6",52,14.829,551.985
"7",9.03,8.898,881.922
"8",25,12.736,2571.23454545455
"9",65.9,17.285,914.13
"10",44.3,5.628,2641.31909090909
"11",60,12.548,3418.40263636364
"12",65.8,15.706,866.637
"13",147,11.839,2533.18714285714
"14",21.6,4.939,2235.76
"15",191,21.294,1894.14
